{
    "mimicIII_0_0": {
        "f1": 0.1568627450980392,
        "precision": 0.6666666666666666,
        "recall": 0.08888888888888889,
        "accuracy": 0.7361963190184049,
        "roc_auc": 0.535969868173258
    },
    "mimicIII_0_10": {
        "f1": 0.08333333333333333,
        "precision": 0.6666666666666666,
        "recall": 0.044444444444444446,
        "accuracy": 0.7300613496932515,
        "roc_auc": 0.517984934086629
    },
    "mimicIII_0_20": {
        "f1": 0.08333333333333333,
        "precision": 0.6666666666666666,
        "recall": 0.044444444444444446,
        "accuracy": 0.7300613496932515,
        "roc_auc": 0.517984934086629
    },
    "mimicIII_0_30": {
        "f1": 0.08333333333333333,
        "precision": 0.6666666666666666,
        "recall": 0.044444444444444446,
        "accuracy": 0.7300613496932515,
        "roc_auc": 0.517984934086629
    },
    "mimicIII_0_40": {
        "f1": 0.08333333333333333,
        "precision": 0.6666666666666666,
        "recall": 0.044444444444444446,
        "accuracy": 0.7300613496932515,
        "roc_auc": 0.517984934086629
    },
    "mimicIII_0_50": {
        "f1": 0.08333333333333333,
        "precision": 0.6666666666666666,
        "recall": 0.044444444444444446,
        "accuracy": 0.7300613496932515,
        "roc_auc": 0.517984934086629
    },
    "mimicIII_0_60": {
        "f1": 0.0425531914893617,
        "precision": 0.5,
        "recall": 0.022222222222222223,
        "accuracy": 0.7239263803680982,
        "roc_auc": 0.5068738229755179
    },
    "mimicIII_0_70": {
        "f1": 0.0425531914893617,
        "precision": 0.5,
        "recall": 0.022222222222222223,
        "accuracy": 0.7239263803680982,
        "roc_auc": 0.5068738229755179
    },
    "mimicIII_0_80": {
        "f1": 0.0425531914893617,
        "precision": 0.5,
        "recall": 0.022222222222222223,
        "accuracy": 0.7239263803680982,
        "roc_auc": 0.5068738229755179
    },
    "mimicIII_0_90": {
        "f1": 0.0425531914893617,
        "precision": 0.5,
        "recall": 0.022222222222222223,
        "accuracy": 0.7239263803680982,
        "roc_auc": 0.5068738229755179
    },
    "mimicIII_0.1_0": {
        "f1": 0.12,
        "precision": 0.6,
        "recall": 0.06666666666666667,
        "accuracy": 0.7300613496932515,
        "roc_auc": 0.5248587570621469
    },
    "mimicIII_0.1_10": {
        "f1": 0.0425531914893617,
        "precision": 0.5,
        "recall": 0.022222222222222223,
        "accuracy": 0.7239263803680982,
        "roc_auc": 0.5068738229755179
    },
    "mimicIII_0.1_20": {
        "f1": 0.0,
        "precision": 0.0,
        "recall": 0.0,
        "accuracy": 0.7177914110429447,
        "roc_auc": 0.4957627118644068
    },
    "mimicIII_0.1_30": {
        "f1": 0.0,
        "precision": 0.0,
        "recall": 0.0,
        "accuracy": 0.7177914110429447,
        "roc_auc": 0.4957627118644068
    },
    "mimicIII_0.1_40": {
        "f1": 0.0,
        "precision": 0.0,
        "recall": 0.0,
        "accuracy": 0.7177914110429447,
        "roc_auc": 0.4957627118644068
    },
    "mimicIII_0.1_50": {
        "f1": 0.0,
        "precision": 0.0,
        "recall": 0.0,
        "accuracy": 0.7177914110429447,
        "roc_auc": 0.4957627118644068
    },
    "mimicIII_0.1_60": {
        "f1": 0.0,
        "precision": 0.0,
        "recall": 0.0,
        "accuracy": 0.7177914110429447,
        "roc_auc": 0.4957627118644068
    },
    "mimicIII_0.1_70": {
        "f1": 0.0,
        "precision": 0.0,
        "recall": 0.0,
        "accuracy": 0.7177914110429447,
        "roc_auc": 0.4957627118644068
    },
    "mimicIII_0.1_80": {
        "f1": 0.0,
        "precision": 0.0,
        "recall": 0.0,
        "accuracy": 0.7177914110429447,
        "roc_auc": 0.4957627118644068
    },
    "mimicIII_0.1_90": {
        "f1": 0.0,
        "precision": 0.0,
        "recall": 0.0,
        "accuracy": 0.7177914110429447,
        "roc_auc": 0.4957627118644068
    },
    "mimicIII_0.2_0": {
        "f1": 0.12,
        "precision": 0.6,
        "recall": 0.06666666666666667,
        "accuracy": 0.7300613496932515,
        "roc_auc": 0.5248587570621469
    },
    "mimicIII_0.2_10": {
        "f1": 0.0425531914893617,
        "precision": 0.5,
        "recall": 0.022222222222222223,
        "accuracy": 0.7239263803680982,
        "roc_auc": 0.5068738229755179
    },
    "mimicIII_0.2_20": {
        "f1": 0.0,
        "precision": 0.0,
        "recall": 0.0,
        "accuracy": 0.7177914110429447,
        "roc_auc": 0.4957627118644068
    },
    "mimicIII_0.2_30": {
        "f1": 0.0,
        "precision": 0.0,
        "recall": 0.0,
        "accuracy": 0.7177914110429447,
        "roc_auc": 0.4957627118644068
    },
    "mimicIII_0.2_40": {
        "f1": 0.0,
        "precision": 0.0,
        "recall": 0.0,
        "accuracy": 0.7177914110429447,
        "roc_auc": 0.4957627118644068
    },
    "mimicIII_0.2_50": {
        "f1": 0.0,
        "precision": 0.0,
        "recall": 0.0,
        "accuracy": 0.7177914110429447,
        "roc_auc": 0.4957627118644068
    },
    "mimicIII_0.2_60": {
        "f1": 0.0,
        "precision": 0.0,
        "recall": 0.0,
        "accuracy": 0.7177914110429447,
        "roc_auc": 0.4957627118644068
    },
    "mimicIII_0.2_70": {
        "f1": 0.0,
        "precision": 0.0,
        "recall": 0.0,
        "accuracy": 0.7177914110429447,
        "roc_auc": 0.4957627118644068
    },
    "mimicIII_0.2_80": {
        "f1": 0.0,
        "precision": 0.0,
        "recall": 0.0,
        "accuracy": 0.7177914110429447,
        "roc_auc": 0.4957627118644068
    },
    "mimicIII_0.2_90": {
        "f1": 0.0,
        "precision": 0.0,
        "recall": 0.0,
        "accuracy": 0.7177914110429447,
        "roc_auc": 0.4957627118644068
    },
    "mimicIII_0.3_0": {
        "f1": 0.12,
        "precision": 0.6,
        "recall": 0.06666666666666667,
        "accuracy": 0.7300613496932515,
        "roc_auc": 0.5248587570621469
    },
    "mimicIII_0.3_10": {
        "f1": 0.0425531914893617,
        "precision": 0.5,
        "recall": 0.022222222222222223,
        "accuracy": 0.7239263803680982,
        "roc_auc": 0.5068738229755179
    },
    "mimicIII_0.3_20": {
        "f1": 0.0,
        "precision": 0.0,
        "recall": 0.0,
        "accuracy": 0.7177914110429447,
        "roc_auc": 0.4957627118644068
    },
    "mimicIII_0.3_30": {
        "f1": 0.0,
        "precision": 0.0,
        "recall": 0.0,
        "accuracy": 0.7177914110429447,
        "roc_auc": 0.4957627118644068
    },
    "mimicIII_0.3_40": {
        "f1": 0.0,
        "precision": 0.0,
        "recall": 0.0,
        "accuracy": 0.7177914110429447,
        "roc_auc": 0.4957627118644068
    },
    "mimicIII_0.3_50": {
        "f1": 0.0,
        "precision": 0.0,
        "recall": 0.0,
        "accuracy": 0.7177914110429447,
        "roc_auc": 0.4957627118644068
    },
    "mimicIII_0.3_60": {
        "f1": 0.0,
        "precision": 0.0,
        "recall": 0.0,
        "accuracy": 0.7177914110429447,
        "roc_auc": 0.4957627118644068
    },
    "mimicIII_0.3_70": {
        "f1": 0.0,
        "precision": 0.0,
        "recall": 0.0,
        "accuracy": 0.7177914110429447,
        "roc_auc": 0.4957627118644068
    },
    "mimicIII_0.3_80": {
        "f1": 0.0,
        "precision": 0.0,
        "recall": 0.0,
        "accuracy": 0.7177914110429447,
        "roc_auc": 0.4957627118644068
    },
    "mimicIII_0.3_90": {
        "f1": 0.0,
        "precision": 0.0,
        "recall": 0.0,
        "accuracy": 0.7177914110429447,
        "roc_auc": 0.4957627118644068
    },
    "mimicIII_0.4_0": {
        "f1": 0.12,
        "precision": 0.6,
        "recall": 0.06666666666666667,
        "accuracy": 0.7300613496932515,
        "roc_auc": 0.5248587570621469
    },
    "mimicIII_0.4_10": {
        "f1": 0.0425531914893617,
        "precision": 0.5,
        "recall": 0.022222222222222223,