{
    "lan_0_0": {
        "f1": 0.6986301369863014,
        "precision": 0.6219512195121951,
        "recall": 0.796875,
        "accuracy": 0.56,
        "roc_auc": 0.4678819444444444
    },
    "lan_0_10": {
        "f1": 0.6271186440677966,
        "precision": 0.6851851851851852,
        "recall": 0.578125,
        "accuracy": 0.56,
        "roc_auc": 0.5529513888888888
    },
    "lan_0_20": {
        "f1": 0.5631067961165048,
        "precision": 0.7435897435897436,
        "recall": 0.453125,
        "accuracy": 0.55,
        "roc_auc": 0.5876736111111112
    },
    "lan_0_30": {
        "f1": 0.5161290322580645,
        "precision": 0.8275862068965517,
        "recall": 0.375,
        "accuracy": 0.55,
        "roc_auc": 0.6180555555555556
    },
    "lan_0_40": {
        "f1": 0.4235294117647059,
        "precision": 0.8571428571428571,
        "recall": 0.28125,
        "accuracy": 0.51,
        "roc_auc": 0.5989583333333333
    },
    "lan_0_50": {
        "f1": 0.379746835443038,
        "precision": 1.0,
        "recall": 0.234375,
        "accuracy": 0.51,
        "roc_auc": 0.6171875
    },
    "lan_0_60": {
        "f1": 0.358974358974359,
        "precision": 1.0,
        "recall": 0.21875,
        "accuracy": 0.5,
        "roc_auc": 0.609375
    },
    "lan_0_70": {
        "f1": 0.3157894736842105,
        "precision": 1.0,
        "recall": 0.1875,
        "accuracy": 0.48,
        "roc_auc": 0.59375
    },
    "lan_0_80": {
        "f1": 0.3157894736842105,
        "precision": 1.0,
        "recall": 0.1875,
        "accuracy": 0.48,
        "roc_auc": 0.59375
    },
    "lan_0_90": {
        "f1": 0.3157894736842105,
        "precision": 1.0,
        "recall": 0.1875,
        "accuracy": 0.48,
        "roc_auc": 0.59375
    },
    "lan_0.1_0": {
        "f1": 0.6986301369863014,
        "precision": 0.6219512195121951,
        "recall": 0.796875,
        "accuracy": 0.56,
        "roc_auc": 0.4678819444444444
    },
    "lan_0.1_10": {
        "f1": 0.6271186440677966,
        "precision": 0.6851851851851852,
        "recall": 0.578125,
        "accuracy": 0.56,
        "roc_auc": 0.5529513888888888
    },
    "lan_0.1_20": {
        "f1": 0.5631067961165048,
        "precision": 0.7435897435897436,
        "recall": 0.453125,
        "accuracy": 0.55,
        "roc_auc": 0.5876736111111112
    },
    "lan_0.1_30": {
        "f1": 0.5161290322580645,
        "precision": 0.8275862068965517,
        "recall": 0.375,
        "accuracy": 0.55,
        "roc_auc": 0.6180555555555556
    },
    "lan_0.1_40": {
        "f1": 0.4235294117647059,
        "precision": 0.8571428571428571,
        "recall": 0.28125,
        "accuracy": 0.51,
        "roc_auc": 0.5989583333333333
    },
    "lan_0.1_50": {
        "f1": 0.379746835443038,
        "precision": 1.0,
        "recall": 0.234375,
        "accuracy": 0.51,
        "roc_auc": 0.6171875
    },
    "lan_0.1_60": {
        "f1": 0.3157894736842105,
        "precision": 1.0,
        "recall": 0.1875,
        "accuracy": 0.48,
        "roc_auc": 0.59375
    },
    "lan_0.1_70": {
        "f1": 0.2702702702702703,
        "precision": 1.0,
        "recall": 0.15625,
        "accuracy": 0.46,
        "roc_auc": 0.578125
    },
    "lan_0.1_80": {
        "f1": 0.2222222222222222,
        "precision": 1.0,
        "recall": 0.125,
        "accuracy": 0.44,
        "roc_auc": 0.5625
    },
    "lan_0.1_90": {
        "f1": 0.2222222222222222,
        "precision": 1.0,
        "recall": 0.125,
        "accuracy": 0.44,
        "roc_auc": 0.5625
    },
    "lan_0.2_0": {
        "f1": 0.6986301369863014,
        "precision": 0.6219512195121951,
        "recall": 0.796875,
        "accuracy": 0.56,
        "roc_auc": 0.4678819444444444
    },
    "lan_0.2_10": {
        "f1": 0.6271186440677966,
        "precision": 0.6851851851851852,
        "recall": 0.578125,
        "accuracy": 0.56,
        "roc_auc": 0.5529513888888888
    },
    "lan_0.2_20": {
        "f1": 0.5631067961165048,
        "precision": 0.7435897435897436,
        "recall": 0.453125,
        "accuracy": 0.55,
        "roc_auc": 0.5876736111111112
    },
    "lan_0.2_30": {
        "f1": 0.5161290322580645,
        "precision": 0.8275862068965517,
        "recall": 0.375,
        "accuracy": 0.55,
        "roc_auc": 0.6180555555555556
    },
    "lan_0.2_40": {
        "f1": 0.4235294117647059,
        "precision": 0.8571428571428571,
        "recall": 0.28125,
        "accuracy": 0.51,
        "roc_auc": 0.5989583333333333
    },
    "lan_0.2_50": {
        "f1": 0.379746835443038,
        "precision": 1.0,
        "recall": 0.234375,
        "accuracy": 0.51,
        "roc_auc": 0.6171875
    },
    "lan_0.2_60": {
        "f1": 0.3157894736842105,
        "precision": 1.0,
        "recall": 0.1875,
        "accuracy": 0.48,
        "roc_auc": 0.59375
    },
    "lan_0.2_70": {
        "f1": 0.2702702702702703,
        "precision": 1.0,
        "recall": 0.15625,
        "accuracy": 0.46,
        "roc_auc": 0.578125
    },
    "lan_0.2_80": {
        "f1": 0.2222222222222222,
        "precision": 1.0,
        "recall": 0.125,
        "accuracy": 0.44,
        "roc_auc": 0.5625
    },
    "lan_0.2_90": {
        "f1": 0.2222222222222222,
        "precision": 1.0,
        "recall": 0.125,
        "accuracy": 0.44,
        "roc_auc": 0.5625
    },
    "lan_0.3_0": {
        "f1": 0.6986301369863014,
        "precision": 0.6219512195121951,
        "recall": 0.796875,
        "accuracy": 0.56,
        "roc_auc": 0.4678819444444444
    },
    "lan_0.3_10": {
        "f1": 0.6271186440677966,
        "precision": 0.6851851851851852,
        "recall": 0.578125,
        "accuracy": 0.56,
        "roc_auc": 0.5529513888888888
    },
    "lan_0.3_20": {
        "f1": 0.5631067961165048,
        "precision": 0.7435897435897436,
        "recall": 0.453125,
        "accuracy": 0.55,
        "roc_auc": 0.5876736111111112
    },
    "lan_0.3_30": {
        "f1": 0.5161290322580645,
        "precision": 0.8275862068965517,
        "recall": 0.375,
        "accuracy": 0.55,
        "roc_auc": 0.6180555555555556
    },
    "lan_0.3_40": {
        "f1": 0.4235294117647059,
        "precision": 0.8571428571428571,
        "recall": 0.28125,
        "accuracy": 0.51,
        "roc_auc": 0.5989583333333333
    },
    "lan_0.3_50": {
        "f1": 0.379746835443038,
        "precision": 1.0,
        "recall": 0.234375,
        "accuracy": 0.51,
        "roc_auc": 0.6171875
    },
    "lan_0.3_60": {
        "f1": 0.3157894736842105,
        "precision": 1.0,
        "recall": 0.1875,
        "accuracy": 0.48,
        "roc_auc": 0.59375
    },
    "lan_0.3_70": {
        "f1": 0.2702702702702703,
        "precision": 1.0,
        "recall": 0.15625,
        "accuracy": 0.46,
        "roc_auc": 0.578125
    },
    "lan_0.3_80": {
        "f1": 0.2222222222222222,
        "precision": 1.0,
        "recall": 0.125,
        "accuracy": 0.44,
        "roc_auc": 0.5625
    },
    "lan_0.3_90": {
        "f1": 0.2222222222222222,
        "precision": 1.0,
        "recall": 0.125,
        "accuracy": 0.44,
        "roc_auc": 0.5625
    },
    "lan_0.4_0": {
        "f1": 0.6986301369863014,
        "precision": 0.6219512195121951,
        "recall": 0.796875,
        "accuracy": 0.56,
        "roc_auc": 0.4678819444444444
    },
    "lan_0.4_10": {
        "f1": 0.6271186440677966,
        "precision": 0.6851851851851852,
        "recall": 0.578125,
        "accuracy": 0.56,
        "roc_auc": 0.5529513888888888
    },
    "lan_0.4_20": {
        "f1": 0.5631067961165048,
        "precision": 0.7435897435897436,
        "recall": 0.453125,
        "accuracy": 0.55,
        "roc_auc": 0.5876736111111112
    },
    "lan_0.4_30": {
        "f1": 0.5161290322580645,
        "precision": 0.8275862068965517,
        "recall": 0.375,
        "accuracy": 0.55,
        "roc_auc": 0.6180555555555556
    },
    "lan_0.4_40": {
        "f1": 0.4235294117647059,