{
    "lan_0_0": {
        "f1": 0.7333333333333333,
        "precision": 0.6395348837209303,
        "recall": 0.859375,
        "accuracy": 0.6,
        "roc_auc": 0.4991319444444444
    },
    "lan_0_10": {
        "f1": 0.672,
        "precision": 0.6885245901639344,
        "recall": 0.65625,
        "accuracy": 0.59,
        "roc_auc": 0.5642361111111112
    },
    "lan_0_20": {
        "f1": 0.616822429906542,
        "precision": 0.7674418604651163,
        "recall": 0.515625,
        "accuracy": 0.59,
        "roc_auc": 0.6189236111111112
    },
    "lan_0_30": {
        "f1": 0.4842105263157895,
        "precision": 0.7419354838709677,
        "recall": 0.359375,
        "accuracy": 0.51,
        "roc_auc": 0.568576388888889
    },
    "lan_0_40": {
        "f1": 0.40476190476190477,
        "precision": 0.85,
        "recall": 0.265625,
        "accuracy": 0.5,
        "roc_auc": 0.5911458333333334
    },
    "lan_0_50": {
        "f1": 0.3950617283950617,
        "precision": 0.9411764705882353,
        "recall": 0.25,
        "accuracy": 0.51,
        "roc_auc": 0.611111111111111
    },
    "lan_0_60": {
        "f1": 0.358974358974359,
        "precision": 1.0,
        "recall": 0.21875,
        "accuracy": 0.5,
        "roc_auc": 0.609375
    },
    "lan_0_70": {
        "f1": 0.33766233766233766,
        "precision": 1.0,
        "recall": 0.203125,
        "accuracy": 0.49,
        "roc_auc": 0.6015625
    },
    "lan_0_80": {
        "f1": 0.3157894736842105,
        "precision": 1.0,
        "recall": 0.1875,
        "accuracy": 0.48,
        "roc_auc": 0.59375
    },
    "lan_0_90": {
        "f1": 0.3157894736842105,
        "precision": 1.0,
        "recall": 0.1875,
        "accuracy": 0.48,
        "roc_auc": 0.59375
    },
    "lan_0.1_0": {
        "f1": 0.7333333333333333,
        "precision": 0.6395348837209303,
        "recall": 0.859375,
        "accuracy": 0.6,
        "roc_auc": 0.4991319444444444
    },
    "lan_0.1_10": {
        "f1": 0.6666666666666666,
        "precision": 0.6949152542372882,
        "recall": 0.640625,
        "accuracy": 0.59,
        "roc_auc": 0.5703125
    },
    "lan_0.1_20": {
        "f1": 0.6095238095238096,
        "precision": 0.7804878048780488,
        "recall": 0.5,
        "accuracy": 0.59,
        "roc_auc": 0.625
    },
    "lan_0.1_30": {
        "f1": 0.4842105263157895,
        "precision": 0.7419354838709677,
        "recall": 0.359375,
        "accuracy": 0.51,
        "roc_auc": 0.568576388888889
    },
    "lan_0.1_40": {
        "f1": 0.40476190476190477,
        "precision": 0.85,
        "recall": 0.265625,
        "accuracy": 0.5,
        "roc_auc": 0.5911458333333334
    },
    "lan_0.1_50": {
        "f1": 0.3950617283950617,
        "precision": 0.9411764705882353,
        "recall": 0.25,
        "accuracy": 0.51,
        "roc_auc": 0.611111111111111
    },
    "lan_0.1_60": {
        "f1": 0.3157894736842105,
        "precision": 1.0,
        "recall": 0.1875,
        "accuracy": 0.48,
        "roc_auc": 0.59375
    },
    "lan_0.1_70": {
        "f1": 0.29333333333333333,
        "precision": 1.0,
        "recall": 0.171875,
        "accuracy": 0.47,
        "roc_auc": 0.5859375
    },
    "lan_0.1_80": {
        "f1": 0.2465753424657534,
        "precision": 1.0,
        "recall": 0.140625,
        "accuracy": 0.45,
        "roc_auc": 0.5703125
    },
    "lan_0.1_90": {
        "f1": 0.2222222222222222,
        "precision": 1.0,
        "recall": 0.125,
        "accuracy": 0.44,
        "roc_auc": 0.5625
    },
    "lan_0.2_0": {
        "f1": 0.7333333333333333,
        "precision": 0.6395348837209303,
        "recall": 0.859375,
        "accuracy": 0.6,
        "roc_auc": 0.4991319444444444
    },
    "lan_0.2_10": {
        "f1": 0.6666666666666666,
        "precision": 0.6949152542372882,
        "recall": 0.640625,
        "accuracy": 0.59,
        "roc_auc": 0.5703125
    },
    "lan_0.2_20": {
        "f1": 0.6095238095238096,
        "precision": 0.7804878048780488,
        "recall": 0.5,
        "accuracy": 0.59,
        "roc_auc": 0.625
    },
    "lan_0.2_30": {
        "f1": 0.4842105263157895,
        "precision": 0.7419354838709677,
        "recall": 0.359375,
        "accuracy": 0.51,
        "roc_auc": 0.568576388888889
    },
    "lan_0.2_40": {
        "f1": 0.40476190476190477,
        "precision": 0.85,
        "recall": 0.265625,
        "accuracy": 0.5,
        "roc_auc": 0.5911458333333334
    },
    "lan_0.2_50": {
        "f1": 0.3950617283950617,
        "precision": 0.9411764705882353,
        "recall": 0.25,
        "accuracy": 0.51,
        "roc_auc": 0.611111111111111
    },
    "lan_0.2_60": {
        "f1": 0.3157894736842105,
        "precision": 1.0,
        "recall": 0.1875,
        "accuracy": 0.48,
        "roc_auc": 0.59375
    },
    "lan_0.2_70": {
        "f1": 0.29333333333333333,
        "precision": 1.0,
        "recall": 0.171875,
        "accuracy": 0.47,
        "roc_auc": 0.5859375
    },
    "lan_0.2_80": {
        "f1": 0.2465753424657534,
        "precision": 1.0,
        "recall": 0.140625,
        "accuracy": 0.45,
        "roc_auc": 0.5703125
    },
    "lan_0.2_90": {
        "f1": 0.2222222222222222,
        "precision": 1.0,
        "recall": 0.125,
        "accuracy": 0.44,
        "roc_auc": 0.5625
    },
    "lan_0.3_0": {
        "f1": 0.7333333333333333,
        "precision": 0.6395348837209303,
        "recall": 0.859375,
        "accuracy": 0.6,
        "roc_auc": 0.4991319444444444
    },
    "lan_0.3_10": {
        "f1": 0.6666666666666666,
        "precision": 0.6949152542372882,
        "recall": 0.640625,
        "accuracy": 0.59,
        "roc_auc": 0.5703125
    },
    "lan_0.3_20": {
        "f1": 0.6095238095238096,
        "precision": 0.7804878048780488,
        "recall": 0.5,
        "accuracy": 0.59,
        "roc_auc": 0.625
    },
    "lan_0.3_30": {
        "f1": 0.4842105263157895,
        "precision": 0.7419354838709677,
        "recall": 0.359375,
        "accuracy": 0.51,
        "roc_auc": 0.568576388888889
    },
    "lan_0.3_40": {
        "f1": 0.40476190476190477,
        "precision": 0.85,
        "recall": 0.265625,
        "accuracy": 0.5,
        "roc_auc": 0.5911458333333334
    },
    "lan_0.3_50": {
        "f1": 0.3950617283950617,
        "precision": 0.9411764705882353,
        "recall": 0.25,
        "accuracy": 0.51,
        "roc_auc": 0.611111111111111
    },
    "lan_0.3_60": {
        "f1": 0.3157894736842105,
        "precision": 1.0,
        "recall": 0.1875,
        "accuracy": 0.48,
        "roc_auc": 0.59375
    },
    "lan_0.3_70": {
        "f1": 0.29333333333333333,
        "precision": 1.0,
        "recall": 0.171875,
        "accuracy": 0.47,
        "roc_auc": 0.5859375
    },
    "lan_0.3_80": {
        "f1": 0.2465753424657534,
        "precision": 1.0,
        "recall": 0.140625,
        "accuracy": 0.45,
        "roc_auc": 0.5703125
    },
    "lan_0.3_90": {
        "f1": 0.2222222222222222,
        "precision": 1.0,
        "recall": 0.125,
        "accuracy": 0.44,
        "roc_auc": 0.5625
    },
    "lan_0.4_0": {
        "f1": 0.7333333333333333,
        "precision": 0.6395348837209303,
        "recall": 0.859375,
        "accuracy": 0.6,
        "roc_auc": 0.4991319444444444
    },
    "lan_0.4_10": {
        "f1": 0.6666666666666666,
        "precision": 0.6949152542372882,
        "recall": 0.640625,
        "accuracy": 0.59,
        "roc_auc": 0.5703125
    },
    "lan_0.4_20": {
        "f1": 0.6095238095238096,
        "precision": 0.7804878048780488,
        "recall": 0.5,
        "accuracy": 0.59,
        "roc_auc": 0.625
    },
    "lan_0.4_30": {
        "f1": 0.4842105263157895,
        "precision": 0.7419354838709677,
        "recall": 0.359375,
        "accuracy": 0.51,
        "roc_auc": 0.568576388888889
    },
    "lan_0.4_40": {
        "f1": 0.40476190476190477,
        "precision": 0.85,
        "recall": 0.265625,