{
    "medical_0_0": {
        "f1": 0.47619047619047616,
        "precision": 1.0,
        "recall": 0.3125,
        "accuracy": 0.3125,
        "roc_auc": 0.0
    },
    "medical_0_10": {
        "f1": 0.358974358974359,
        "precision": 1.0,
        "recall": 0.21875,
        "accuracy": 0.21875,
        "roc_auc": 0.0
    },
    "medical_0_20": {
        "f1": 0.3157894736842105,
        "precision": 1.0,
        "recall": 0.1875,
        "accuracy": 0.1875,
        "roc_auc": 0.0
    },
    "medical_0_30": {
        "f1": 0.3157894736842105,
        "precision": 1.0,
        "recall": 0.1875,
        "accuracy": 0.1875,
        "roc_auc": 0.0
    },
    "medical_0_40": {
        "f1": 0.2702702702702703,
        "precision": 1.0,
        "recall": 0.15625,
        "accuracy": 0.15625,
        "roc_auc": 0.0
    },
    "medical_0_50": {
        "f1": 0.2222222222222222,
        "precision": 1.0,
        "recall": 0.125,
        "accuracy": 0.125,
        "roc_auc": 0.0
    },
    "medical_0_60": {
        "f1": 0.2222222222222222,
        "precision": 1.0,
        "recall": 0.125,
        "accuracy": 0.125,
        "roc_auc": 0.0
    },
    "medical_0_70": {
        "f1": 0.2222222222222222,
        "precision": 1.0,
        "recall": 0.125,
        "accuracy": 0.125,
        "roc_auc": 0.0
    },
    "medical_0_80": {
        "f1": 0.2222222222222222,
        "precision": 1.0,
        "recall": 0.125,
        "accuracy": 0.125,
        "roc_auc": 0.0
    },
    "medical_0_90": {
        "f1": 0.2222222222222222,
        "precision": 1.0,
        "recall": 0.125,
        "accuracy": 0.125,
        "roc_auc": 0.0
    },
    "medical_0.1_0": {
        "f1": 0.43902439024390244,
        "precision": 1.0,
        "recall": 0.28125,
        "accuracy": 0.28125,
        "roc_auc": 0.0
    },
    "medical_0.1_10": {
        "f1": 0.2702702702702703,
        "precision": 1.0,
        "recall": 0.15625,
        "accuracy": 0.15625,
        "roc_auc": 0.0
    },
    "medical_0.1_20": {
        "f1": 0.17142857142857143,
        "precision": 1.0,
        "recall": 0.09375,
        "accuracy": 0.09375,
        "roc_auc": 0.0
    },
    "medical_0.1_30": {
        "f1": 0.17142857142857143,
        "precision": 1.0,
        "recall": 0.09375,
        "accuracy": 0.09375,
        "roc_auc": 0.0
    },
    "medical_0.1_40": {
        "f1": 0.06060606060606061,
        "precision": 1.0,
        "recall": 0.03125,
        "accuracy": 0.03125,
        "roc_auc": 0.0
    },
    "medical_0.1_50": {
        "f1": 0.06060606060606061,
        "precision": 1.0,
        "recall": 0.03125,
        "accuracy": 0.03125,
        "roc_auc": 0.0
    },
    "medical_0.1_60": {
        "f1": 0.06060606060606061,
        "precision": 1.0,
        "recall": 0.03125,
        "accuracy": 0.03125,
        "roc_auc": 0.0
    },
    "medical_0.1_70": {
        "f1": 0.06060606060606061,
        "precision": 1.0,
        "recall": 0.03125,
        "accuracy": 0.03125,
        "roc_auc": 0.0
    },
    "medical_0.1_80": {
        "f1": 0.06060606060606061,
        "precision": 1.0,
        "recall": 0.03125,
        "accuracy": 0.03125,
        "roc_auc": 0.0
    },
    "medical_0.1_90": {
        "f1": 0.06060606060606061,
        "precision": 1.0,
        "recall": 0.03125,
        "accuracy": 0.03125,
        "roc_auc": 0.0
    },
    "medical_0.2_0": {
        "f1": 0.43902439024390244,
        "precision": 1.0,
        "recall": 0.28125,
        "accuracy": 0.28125,
        "roc_auc": 0.0
    },
    "medical_0.2_10": {
        "f1": 0.2702702702702703,
        "precision": 1.0,
        "recall": 0.15625,
        "accuracy": 0.15625,
        "roc_auc": 0.0
    },
    "medical_0.2_20": {
        "f1": 0.17142857142857143,
        "precision": 1.0,
        "recall": 0.09375,
        "accuracy": 0.09375,
        "roc_auc": 0.0
    },
    "medical_0.2_30": {
        "f1": 0.17142857142857143,
        "precision": 1.0,
        "recall": 0.09375,
        "accuracy": 0.09375,
        "roc_auc": 0.0
    },
    "medical_0.2_40": {
        "f1": 0.06060606060606061,
        "precision": 1.0,
        "recall": 0.03125,
        "accuracy": 0.03125,
        "roc_auc": 0.0
    },
    "medical_0.2_50": {
        "f1": 0.06060606060606061,
        "precision": 1.0,
        "recall": 0.03125,
        "accuracy": 0.03125,
        "roc_auc": 0.0
    },
    "medical_0.2_60": {
        "f1": 0.06060606060606061,
        "precision": 1.0,
        "recall": 0.03125,
        "accuracy": 0.03125,
        "roc_auc": 0.0
    },
    "medical_0.2_70": {
        "f1": 0.06060606060606061,
        "precision": 1.0,
        "recall": 0.03125,
        "accuracy": 0.03125,
        "roc_auc": 0.0
    },
    "medical_0.2_80": {
        "f1": 0.06060606060606061,
        "precision": 1.0,
        "recall": 0.03125,
        "accuracy": 0.03125,
        "roc_auc": 0.0
    },
    "medical_0.2_90": {
        "f1": 0.06060606060606061,
        "precision": 1.0,
        "recall": 0.03125,
        "accuracy": 0.03125,
        "roc_auc": 0.0
    },
    "medical_0.3_0": {
        "f1": 0.43902439024390244,
        "precision": 1.0,
        "recall": 0.28125,
        "accuracy": 0.28125,
        "roc_auc": 0.0
    },
    "medical_0.3_10": {
        "f1": 0.2702702702702703,
        "precision": 1.0,
        "recall": 0.15625,
        "accuracy": 0.15625,
        "roc_auc": 0.0
    },
    "medical_0.3_20": {
        "f1": 0.17142857142857143,
        "precision": 1.0,
        "recall": 0.09375,
        "accuracy": 0.09375,
        "roc_auc": 0.0
    },
    "medical_0.3_30": {
        "f1": 0.17142857142857143,
        "precision": 1.0,
        "recall": 0.09375,
        "accuracy": 0.09375,
        "roc_auc": 0.0
    },
    "medical_0.3_40": {
        "f1": 0.06060606060606061,
        "precision": 1.0,
        "recall": 0.03125,
        "accuracy": 0.03125,
        "roc_auc": 0.0
    },
    "medical_0.3_50": {
        "f1": 0.06060606060606061,
        "precision": 1.0,
        "recall": 0.03125,
        "accuracy": 0.03125,
        "roc_auc": 0.0
    },
    "medical_0.3_60": {
        "f1": 0.06060606060606061,
        "precision": 1.0,
        "recall": 0.03125,
        "accuracy": 0.03125,
        "roc_auc": 0.0
    },
    "medical_0.3_70": {
        "f1": 0.06060606060606061,
        "precision": 1.0,
        "recall": 0.03125,
        "accuracy": 0.03125,
        "roc_auc": 0.0
    },
    "medical_0.3_80": {
        "f1": 0.06060606060606061,
        "precision": 1.0,
        "recall": 0.03125,
        "accuracy": 0.03125,
        "roc_auc": 0.0
    },
    "medical_0.3_90": {
        "f1": 0.06060606060606061,
        "precision": 1.0,
        "recall": 0.03125,
        "accuracy": 0.03125,
        "roc_auc": 0.0
    },
    "medical_0.4_0": {
        "f1": 0.4,
        "precision": 1.0,
        "recall": 0.25,
        "accuracy": 0.25,
        "roc_auc": 0.0
    },
    "medical_0.4_10": {
        "f1": 0.2702702702702703,
        "precision": 1.0,
        "recall": 0.15625,
        "accuracy": 0.15625,
        "roc_auc": 0.0
    },
    "medical_0.4_20": {
        "f1": 0.17142857142857143,
        "precision": 1.0,
        "recall": 0.09375,
        "accuracy": 0.09375,
        "roc_auc": 0.0
    },
    "medical_0.4_30": {
        "f1": 0.17142857142857143,
        "precision": 1.0,
        "recall": 0.09375,
        "accuracy": 0.09375,
        "roc_auc": 0.0
    },
    "medical_0.4_40": {
        "f1": 0.06060606060606061,
        "precision": 1.0,
        "recall": 0.03125,
        "accuracy": 0.03125,
        "roc_auc": 0.0
    },
    "medical_0.4_50": {
        "f1": 0.06060606060606061,
        "precision": 1.0,
        "recall": 0.03125,
        "accuracy": 0.03125,
        "roc_auc": 0.0
    },
    "medical_0.4_60": {
        "f1": 0.06060606060606061,
        "precision": 1.0,
        "recall": 0.03125,
        "accuracy": 0.03125,
        "roc_auc": 0.0
    },