{
    "openml_2_0_0": {
        "f1": 0.07142857142857142,
        "precision": 0.037037037037037035,
        "recall": 1.0,
        "accuracy": 0.7758620689655172,
        "roc_auc": 0.8869565217391304
    },
    "openml_2_0_10": {
        "f1": 0.13333333333333333,
        "precision": 0.07142857142857142,
        "recall": 1.0,
        "accuracy": 0.8879310344827587,
        "roc_auc": 0.9434782608695652
    },
    "openml_2_0_20": {
        "f1": 0.14285714285714285,
        "precision": 0.07692307692307693,
        "recall": 1.0,
        "accuracy": 0.896551724137931,
        "roc_auc": 0.9478260869565218
    },
    "openml_2_0_30": {
        "f1": 0.14285714285714285,
        "precision": 0.07692307692307693,
        "recall": 1.0,
        "accuracy": 0.896551724137931,
        "roc_auc": 0.9478260869565218
    },
    "openml_2_0_40": {
        "f1": 0.14285714285714285,
        "precision": 0.07692307692307693,
        "recall": 1.0,
        "accuracy": 0.896551724137931,
        "roc_auc": 0.9478260869565218
    },
    "openml_2_0_50": {
        "f1": 0.14285714285714285,
        "precision": 0.07692307692307693,
        "recall": 1.0,
        "accuracy": 0.896551724137931,
        "roc_auc": 0.9478260869565218
    },
    "openml_2_0_60": {
        "f1": 0.14285714285714285,
        "precision": 0.07692307692307693,
        "recall": 1.0,
        "accuracy": 0.896551724137931,
        "roc_auc": 0.9478260869565218
    },
    "openml_2_0_70": {
        "f1": 0.14285714285714285,
        "precision": 0.07692307692307693,
        "recall": 1.0,
        "accuracy": 0.896551724137931,
        "roc_auc": 0.9478260869565218
    },
    "openml_2_0_80": {
        "f1": 0.14285714285714285,
        "precision": 0.07692307692307693,
        "recall": 1.0,
        "accuracy": 0.896551724137931,
        "roc_auc": 0.9478260869565218
    },
    "openml_2_0_90": {
        "f1": 0.15384615384615385,
        "precision": 0.08333333333333333,
        "recall": 1.0,
        "accuracy": 0.9051724137931034,
        "roc_auc": 0.9521739130434783
    },
    "openml_2_0.1_0": {
        "f1": 0.07142857142857142,
        "precision": 0.037037037037037035,
        "recall": 1.0,
        "accuracy": 0.7758620689655172,
        "roc_auc": 0.8869565217391304
    },
    "openml_2_0.1_10": {
        "f1": 0.15384615384615385,
        "precision": 0.08333333333333333,
        "recall": 1.0,
        "accuracy": 0.9051724137931034,
        "roc_auc": 0.9521739130434783
    },
    "openml_2_0.1_20": {
        "f1": 0.4,
        "precision": 0.25,
        "recall": 1.0,
        "accuracy": 0.9741379310344828,
        "roc_auc": 0.9869565217391305
    },
    "openml_2_0.1_30": {
        "f1": 0.6666666666666666,
        "precision": 0.5,
        "recall": 1.0,
        "accuracy": 0.9913793103448276,
        "roc_auc": 0.9956521739130435
    },
    "openml_2_0.1_40": {
        "f1": 0.6666666666666666,
        "precision": 0.5,
        "recall": 1.0,
        "accuracy": 0.9913793103448276,
        "roc_auc": 0.9956521739130435
    },
    "openml_2_0.1_50": {
        "f1": 1.0,
        "precision": 1.0,
        "recall": 1.0,
        "accuracy": 1.0,
        "roc_auc": 1.0
    },
    "openml_2_0.1_60": {
        "f1": 1.0,
        "precision": 1.0,
        "recall": 1.0,
        "accuracy": 1.0,
        "roc_auc": 1.0
    },
    "openml_2_0.1_70": {
        "f1": 1.0,
        "precision": 1.0,
        "recall": 1.0,
        "accuracy": 1.0,
        "roc_auc": 1.0
    },
    "openml_2_0.1_80": {
        "f1": 1.0,
        "precision": 1.0,
        "recall": 1.0,
        "accuracy": 1.0,
        "roc_auc": 1.0
    },
    "openml_2_0.1_90": {
        "f1": 1.0,
        "precision": 1.0,
        "recall": 1.0,
        "accuracy": 1.0,
        "roc_auc": 1.0
    },
    "openml_2_0.2_0": {
        "f1": 0.07142857142857142,
        "precision": 0.037037037037037035,
        "recall": 1.0,
        "accuracy": 0.7758620689655172,
        "roc_auc": 0.8869565217391304
    },
    "openml_2_0.2_10": {
        "f1": 0.15384615384615385,
        "precision": 0.08333333333333333,
        "recall": 1.0,
        "accuracy": 0.9051724137931034,
        "roc_auc": 0.9521739130434783
    },
    "openml_2_0.2_20": {
        "f1": 0.4,
        "precision": 0.25,
        "recall": 1.0,
        "accuracy": 0.9741379310344828,
        "roc_auc": 0.9869565217391305
    },
    "openml_2_0.2_30": {
        "f1": 0.6666666666666666,
        "precision": 0.5,
        "recall": 1.0,
        "accuracy": 0.9913793103448276,
        "roc_auc": 0.9956521739130435
    },
    "openml_2_0.2_40": {
        "f1": 0.6666666666666666,
        "precision": 0.5,
        "recall": 1.0,
        "accuracy": 0.9913793103448276,
        "roc_auc": 0.9956521739130435
    },
    "openml_2_0.2_50": {
        "f1": 1.0,
        "precision": 1.0,
        "recall": 1.0,
        "accuracy": 1.0,
        "roc_auc": 1.0
    },
    "openml_2_0.2_60": {
        "f1": 1.0,
        "precision": 1.0,
        "recall": 1.0,
        "accuracy": 1.0,
        "roc_auc": 1.0
    },
    "openml_2_0.2_70": {
        "f1": 1.0,
        "precision": 1.0,
        "recall": 1.0,
        "accuracy": 1.0,
        "roc_auc": 1.0
    },
    "openml_2_0.2_80": {
        "f1": 1.0,
        "precision": 1.0,
        "recall": 1.0,
        "accuracy": 1.0,
        "roc_auc": 1.0
    },
    "openml_2_0.2_90": {
        "f1": 1.0,
        "precision": 1.0,
        "recall": 1.0,
        "accuracy": 1.0,
        "roc_auc": 1.0
    },
    "openml_2_0.3_0": {
        "f1": 0.07142857142857142,
        "precision": 0.037037037037037035,
        "recall": 1.0,
        "accuracy": 0.7758620689655172,
        "roc_auc": 0.8869565217391304
    },
    "openml_2_0.3_10": {
        "f1": 0.15384615384615385,
        "precision": 0.08333333333333333,
        "recall": 1.0,
        "accuracy": 0.9051724137931034,
        "roc_auc": 0.9521739130434783
    },
    "openml_2_0.3_20": {
        "f1": 0.4,
        "precision": 0.25,
        "recall": 1.0,
        "accuracy": 0.9741379310344828,
        "roc_auc": 0.9869565217391305
    },
    "openml_2_0.3_30": {
        "f1": 0.6666666666666666,
        "precision": 0.5,
        "recall": 1.0,
        "accuracy": 0.9913793103448276,
        "roc_auc": 0.9956521739130435
    },
    "openml_2_0.3_40": {
        "f1": 0.6666666666666666,
        "precision": 0.5,
        "recall": 1.0,
        "accuracy": 0.9913793103448276,
        "roc_auc": 0.9956521739130435
    },
    "openml_2_0.3_50": {
        "f1": 1.0,
        "precision": 1.0,
        "recall": 1.0,
        "accuracy": 1.0,
        "roc_auc": 1.0
    },
    "openml_2_0.3_60": {
        "f1": 1.0,
        "precision": 1.0,
        "recall": 1.0,
        "accuracy": 1.0,
        "roc_auc": 1.0
    },
    "openml_2_0.3_70": {
        "f1": 1.0,
        "precision": 1.0,
        "recall": 1.0,
        "accuracy": 1.0,
        "roc_auc": 1.0
    },
    "openml_2_0.3_80": {
        "f1": 1.0,
        "precision": 1.0,
        "recall": 1.0,
        "accuracy": 1.0,
        "roc_auc": 1.0
    },
    "openml_2_0.3_90": {
        "f1": 1.0,
        "precision": 1.0,
        "recall": 1.0,
        "accuracy": 1.0,
        "roc_auc": 1.0
    },
    "openml_2_0.4_0": {
        "f1": 0.07142857142857142,
        "precision": 0.037037037037037035,
        "recall": 1.0,
        "accuracy": 0.7758620689655172,
        "roc_auc": 0.8869565217391304
    },
    "openml_2_0.4_10": {
        "f1": 0.15384615384615385,
        "precision": 0.08333333333333333,
        "recall": 1.0,
        "accuracy": 0.9051724137931034,
        "roc_auc": 0.9521739130434783
    },